{
    "resultCount": 3,
    "results": [{
        "wrapperType": "track",
        "kind": "song",
        "artistId": 486597,
        "collectionId": 169003304,
        "trackId": 169003415,
        "artistName": "Journey",
        "collectionName": "Greatest Hits",
        "trackName": "Don't Stop Believin'",
        "collectionCensoredName": "Greatest Hits",
        "trackCensoredName": "Don't Stop Believin'",
        "artistViewUrl": "https://music.apple.com/us/artist/journey/486597?uo=4",
        "collectionViewUrl": "https://music.apple.com/us/album/dont-stop-believin/169003304?i=169003415&uo=4",
        "trackViewUrl": "https://music.apple.com/us/album/dont-stop-believin/169003304?i=169003415&uo=4",
        "previewUrl": "https://audio-ssl.itunes.apple.com/itunes-assets/AudioPreview125/v4/e4/6c/ad/e46cad13-317a-3074-8d0f-a41af0bb2437/mzaf_5207796602846861401.plus.aac.p.m4a",
        "artworkUrl30": "https://is1-ssl.mzstatic.com/image/thumb/Music115/v4/01/69/5f/01695f6c-541d-faef-ac67-d1033b11c79a/source/30x30bb.jpg",
        "artworkUrl60": "https://is1-ssl.mzstatic.com/image/thumb/Music115/v4/01/69/5f/01695f6c-541d-faef-ac67-d1033b11c79a/source/60x60bb.jpg",
        "artworkUrl100": "https://is1-ssl.mzstatic.com/image/thumb/Music115/v4/01/69/5f/01695f6c-541d-faef-ac67-d1033b11c79a/source/100x100bb.jpg",
        "collectionPrice": 10.99,
        "trackPrice": 1.29,
        "releaseDate": "1981-06-03T07:00:00Z",
        "collectionExplicitness": "notExplicit",
        "trackExplicitness": "notExplicit",
        "discCount": 1,
        "discNumber": 1,
        "trackCount": 16,
        "trackNumber": 2,
        "trackTimeMillis": 250880,
        "country": "USA",
        "currency": "USD",
        "primaryGenreName": "Rock",
        "isStreamable": true
    }, {
        "wrapperType": "track",
        "kind": "song",
        "artistId": 469476,
        "collectionId": 1438174059,
        "trackId": 1438174456,
        "artistName": "Train",
        "collectionName": "Greatest Hits",
        "trackName": "Hey, Soul Sister",
        "collectionCensoredName": "Greatest Hits",
        "trackCensoredName": "Hey, Soul Sister",
        "artistViewUrl": "https://music.apple.com/us/artist/train/469476?uo=4",
        "collectionViewUrl": "https://music.apple.com/us/album/hey-soul-sister/1438174059?i=1438174456&uo=4",
        "trackViewUrl": "https://music.apple.com/us/album/hey-soul-sister/1438174059?i=1438174456&uo=4",
        "previewUrl": "https://audio-ssl.itunes.apple.com/itunes-assets/AudioPreview125/v4/c5/a9/e3/c5a9e3b4-7998-5a8e-7b86-d2e5e476b1de/mzaf_6639715585215446156.plus.aac.p.m4a",
        "artworkUrl30": "https://is4-ssl.mzstatic.com/image/thumb/Music115/v4/93/b6/c7/93b6c722-efd5-2163-fd6f-2b72c05f9c41/source/30x30bb.jpg",
        "artworkUrl60": "https://is4-ssl.mzstatic.com/image/thumb/Music115/v4/93/b6/c7/93b6c722-efd5-2163-fd6f-2b72c05f9c41/source/60x60bb.jpg",
        "artworkUrl100": "https://is4-ssl.mzstatic.com/image/thumb/Music115/v4/93/b6/c7/93b6c722-efd5-2163-fd6f-2b72c05f9c41/source/100x100bb.jpg",
        "collectionPrice": 13.99,
        "trackPrice": 1.29,
        "releaseDate": "2009-08-11T12:00:00Z",
        "collectionExplicitness": "notExplicit",
        "trackExplicitness": "notExplicit",
        "discCount": 1,
        "discNumber": 1,
        "trackCount": 17,
        "trackNumber": 7,
        "trackTimeMillis": 216907,
        "country": "USA",
        "currency": "USD",
        "primaryGenreName": "Pop/Rock",
        "isStreamable": true
    }, {
        "wrapperType": "track",
        "kind": "song",
        "artistId": 284482668,
        "collectionId": 1440636622,
        "trackId": 1440636627,
        "artistName": "LMFAO",
        "collectionName": "Sorry for Party Rocking (Deluxe Version)",
        "trackName": "Party Rock Anthem (feat. Lauren Bennett & GoonRock)",
        "collectionCensoredName": "Sorry for Party Rocking (Deluxe Version)",
        "trackCensoredName": "Party Rock Anthem (feat. Lauren Bennett & GoonRock)",
        "artistViewUrl": "https://music.apple.com/us/artist/lmfao/284482668?uo=4",
        "collectionViewUrl": "https://music.apple.com/us/album/party-rock-anthem-feat-lauren-bennett-goonrock/1440636622?i=1440636627&uo=4",
        "trackViewUrl": "https://music.apple.com/us/album/party-rock-anthem-feat-lauren-bennett-goonrock/1440636622?i=1440636627&uo=4",
        "previewUrl": "https://audio-ssl.itunes.apple.com/itunes-assets/AudioPreview115/v4/66/f9/e8/66f9e88e-0d32-1683-3534-aac11bd04061/mzaf_1102531081546646174.plus.aac.p.m4a",
        "artworkUrl30": "https://is2-ssl.mzstatic.com/image/thumb/Music125/v4/0e/c7/69/0ec769f6-beab-2f75-a87b-385cce30a8af/source/30x30bb.jpg",
        "artworkUrl60": "https://is2-ssl.mzstatic.com/image/thumb/Music125/v4/0e/c7/69/0ec769f6-beab-2f75-a87b-385cce30a8af/source/60x60bb.jpg",
        "artworkUrl100": "https://is2-ssl.mzstatic.com/image/thumb/Music125/v4/0e/c7/69/0ec769f6-beab-2f75-a87b-385cce30a8af/source/100x100bb.jpg",
        "collectionPrice": 10.99,
        "trackPrice": 1.29,
        "releaseDate": "2011-01-01T12:00:00Z",
        "collectionExplicitness": "explicit",
        "trackExplicitness": "notExplicit",
        "discCount": 1,
        "discNumber": 1,
        "trackCount": 15,
        "trackNumber": 3,
        "trackTimeMillis": 262147,
        "country": "USA",
        "currency": "USD",
        "primaryGenreName": "Pop",
        "isStreamable": true
    }]
}
