{
    "trackName": "Don't Stop Believin'",
    "artistName": "Journey",
    "trackPrice": 1.29,
    "currency": "USD",
    "artworkUrl30": "https://is1-ssl.mzstatic.com/image/thumb/Music115/v4/01/69/5f/01695f6c-541d-faef-ac67-d1033b11c79a/source/30x30bb.jpg",
    "artworkUrl60": "https://is1-ssl.mzstatic.com/image/thumb/Music115/v4/01/69/5f/01695f6c-541d-faef-ac67-d1033b11c79a/source/60x60bb.jpg",
    "artworkUrl100": "https://is1-ssl.mzstatic.com/image/thumb/Music115/v4/01/69/5f/01695f6c-541d-faef-ac67-d1033b11c79a/source/100x100bb.jpg",
    "releaseDate": 1981-06-03T07:00:00Z,
    "trackTimeMillis": 250880,
    "trackViewUrl": "https://music.apple.com/us/album/dont-stop-believin/169003304?i=169003415&uo=4"
}
